{
  "dashboard": {
    "id": null,
    "title": "JIT Bot Production Monitoring",
    "tags": ["jit-bot", "production", "mev"],
    "style": "dark",
    "timezone": "browser",
    "panels": [
      {
        "id": 1,
        "title": "JIT Opportunities",
        "type": "stat",
        "targets": [
          {
            "expr": "rate(jit_opportunities_detected_total[5m])",
            "refId": "A"
          }
        ],
        "fieldConfig": {
          "defaults": {
            "color": {
              "mode": "value"
            },
            "mappings": [],
            "thresholds": {
              "steps": [
                {
                  "color": "green",
                  "value": null
                },
                {
                  "color": "red",
                  "value": 80
                }
              ]
            },
            "unit": "ops"
          }
        },
        "options": {
          "colorMode": "value",
          "graphMode": "area",
          "justifyMode": "auto",
          "orientation": "horizontal",
          "reduceOptions": {
            "values": false,
            "calcs": [
              "lastNotNull"
            ],
            "fields": ""
          },
          "textMode": "auto"
        },
        "pluginVersion": "8.0.0",
        "gridPos": {
          "h": 8,
          "w": 12,
          "x": 0,
          "y": 0
        }
      },
      {
        "id": 2,
        "title": "Successful JIT Executions",
        "type": "stat",
        "targets": [
          {
            "expr": "rate(jit_executions_success_total[5m])",
            "refId": "A"
          }
        ],
        "fieldConfig": {
          "defaults": {
            "color": {
              "mode": "value"
            },
            "mappings": [],
            "thresholds": {
              "steps": [
                {
                  "color": "green",
                  "value": null
                },
                {
                  "color": "red",
                  "value": 80
                }
              ]
            },
            "unit": "ops"
          }
        },
        "gridPos": {
          "h": 8,
          "w": 12,
          "x": 12,
          "y": 0
        }
      },
      {
        "id": 3,
        "title": "Profit Over Time",
        "type": "graph",
        "targets": [
          {
            "expr": "rate(jit_profit_usd_total[5m])",
            "refId": "A",
            "legendFormat": "Profit USD/sec"
          }
        ],
        "yAxes": [
          {
            "label": "USD",
            "show": true
          },
          {
            "show": true
          }
        ],
        "xAxis": {
          "show": true
        },
        "gridPos": {
          "h": 9,
          "w": 24,
          "x": 0,
          "y": 8
        }
      },
      {
        "id": 4,
        "title": "Gas Usage",
        "type": "graph",
        "targets": [
          {
            "expr": "rate(jit_gas_used_total[5m])",
            "refId": "A",
            "legendFormat": "Gas Used/sec"
          }
        ],
        "yAxes": [
          {
            "label": "Gas",
            "show": true
          },
          {
            "show": true
          }
        ],
        "gridPos": {
          "h": 9,
          "w": 12,
          "x": 0,
          "y": 17
        }
      },
      {
        "id": 5,
        "title": "Flashloan Provider Usage",
        "type": "piechart",
        "targets": [
          {
            "expr": "jit_flashloan_provider_usage",
            "refId": "A"
          }
        ],
        "options": {
          "reduceOptions": {
            "values": false,
            "calcs": [
              "lastNotNull"
            ],
            "fields": ""
          },
          "pieType": "pie",
          "tooltip": {
            "mode": "single"
          },
          "legend": {
            "displayMode": "visible",
            "placement": "bottom"
          },
          "displayLabels": [
            "name"
          ]
        },
        "gridPos": {
          "h": 9,
          "w": 12,
          "x": 12,
          "y": 17
        }
      },
      {
        "id": 6,
        "title": "Error Rate",
        "type": "stat",
        "targets": [
          {
            "expr": "rate(jit_executions_failed_total[5m]) / rate(jit_executions_total[5m]) * 100",
            "refId": "A"
          }
        ],
        "fieldConfig": {
          "defaults": {
            "color": {
              "mode": "thresholds"
            },
            "mappings": [],
            "thresholds": {
              "steps": [
                {
                  "color": "green",
                  "value": null
                },
                {
                  "color": "yellow",
                  "value": 5
                },
                {
                  "color": "red",
                  "value": 10
                }
              ]
            },
            "unit": "percent"
          }
        },
        "gridPos": {
          "h": 8,
          "w": 8,
          "x": 0,
          "y": 26
        }
      },
      {
        "id": 7,
        "title": "Average Block Latency",
        "type": "stat",
        "targets": [
          {
            "expr": "avg(jit_block_latency_seconds)",
            "refId": "A"
          }
        ],
        "fieldConfig": {
          "defaults": {
            "color": {
              "mode": "value"
            },
            "mappings": [],
            "thresholds": {
              "steps": [
                {
                  "color": "green",
                  "value": null
                },
                {
                  "color": "yellow",
                  "value": 1
                },
                {
                  "color": "red",
                  "value": 3
                }
              ]
            },
            "unit": "s"
          }
        },
        "gridPos": {
          "h": 8,
          "w": 8,
          "x": 8,
          "y": 26
        }
      },
      {
        "id": 8,
        "title": "Bundle Success Rate",
        "type": "stat",
        "targets": [
          {
            "expr": "rate(flashbots_bundles_success_total[5m]) / rate(flashbots_bundles_total[5m]) * 100",
            "refId": "A"
          }
        ],
        "fieldConfig": {
          "defaults": {
            "color": {
              "mode": "thresholds"
            },
            "mappings": [],
            "thresholds": {
              "steps": [
                {
                  "color": "red",
                  "value": null
                },
                {
                  "color": "yellow",
                  "value": 20
                },
                {
                  "color": "green",
                  "value": 50
                }
              ]
            },
            "unit": "percent"
          }
        },
        "gridPos": {
          "h": 8,
          "w": 8,
          "x": 16,
          "y": 26
        }
      }
    ],
    "time": {
      "from": "now-1h",
      "to": "now"
    },
    "timepicker": {},
    "templating": {
      "list": []
    },
    "annotations": {
      "list": [
        {
          "builtIn": 1,
          "datasource": "-- Grafana --",
          "enable": true,
          "hide": true,
          "iconColor": "rgba(0, 211, 255, 1)",
          "name": "Annotations & Alerts",
          "type": "dashboard"
        }
      ]
    },
    "refresh": "5s",
    "schemaVersion": 27,
    "version": 1,
    "links": []
  }
}