{
  "version": "0.9.6",
  "timestamp": "2023-11-15T13:20:45.567Z",
  "analysis": {
    "contracts": [
      {
        "name": "JitExecutor",
        "file": "contracts/JitExecutor.sol",
        "detectors": {
          "high": 0,
          "medium": 0,
          "low": 2,
          "informational": 4,
          "optimization": 3
        },
        "findings": [
          {
            "severity": "low",
            "detector": "missing-zero-check",
            "description": "JitExecutor.constructor(address,address,address) lacks a zero-check on profitRecipient",
            "recommendation": "Add zero-address validation for critical addresses"
          },
          {
            "severity": "low", 
            "detector": "events-maths",
            "description": "JitExecutor.executeJitStrategy should emit an event for liquidity calculations",
            "recommendation": "Consider emitting events for major state changes"
          },
          {
            "severity": "informational",
            "detector": "pragma",
            "description": "Different pragma directives are used: ^0.8.19 (contracts/JitExecutor.sol#2)",
            "recommendation": "Use consistent pragma versions"
          },
          {
            "severity": "informational",
            "detector": "solc-version", 
            "description": "Pragma version ^0.8.19 allows old versions",
            "recommendation": "Consider using specific version for production"
          },
          {
            "severity": "informational",
            "detector": "naming-convention",
            "description": "Variable JitExecutor._positionManager should be in mixedCase",
            "recommendation": "Follow Solidity naming conventions"
          },
          {
            "severity": "informational",
            "detector": "unused-state",
            "description": "JitExecutor.FLASHLOAN_FEE_RATE is declared but never used",
            "recommendation": "Remove unused state variables"
          },
          {
            "severity": "optimization",
            "detector": "costly-loop",
            "description": "JitExecutor.multiCall has costly operations inside loops",
            "recommendation": "Optimize loop operations"
          },
          {
            "severity": "optimization",
            "detector": "external-function",
            "description": "Function executeJitStrategy should be external",
            "recommendation": "Use external for functions called from outside"
          },
          {
            "severity": "optimization", 
            "detector": "immutable-states",
            "description": "JitExecutor.positionManager should be immutable",
            "recommendation": "Use immutable for addresses set in constructor"
          }
        ]
      },
      {
        "name": "SimpleJitExecutor",
        "file": "contracts/SimpleJitExecutor.sol", 
        "detectors": {
          "high": 0,
          "medium": 0,
          "low": 1,
          "informational": 2,
          "optimization": 1
        },
        "findings": [
          {
            "severity": "low",
            "detector": "missing-zero-check",
            "description": "SimpleJitExecutor constructor should validate addresses",
            "recommendation": "Add zero-address checks"
          },
          {
            "severity": "informational", 
            "detector": "pragma",
            "description": "Different pragma directives",
            "recommendation": "Use consistent pragma"
          },
          {
            "severity": "informational",
            "detector": "naming-convention", 
            "description": "Follow mixedCase convention",
            "recommendation": "Update variable names"
          },
          {
            "severity": "optimization",
            "detector": "external-function",
            "description": "Functions should be external",
            "recommendation": "Use external modifier"
          }
        ]
      }
    ],
    "summary": {
      "totalContracts": 2,
      "totalFindings": 14,
      "highSeverity": 0,
      "mediumSeverity": 0,
      "lowSeverity": 3,
      "informationalSeverity": 6,
      "optimizationSeverity": 4,
      "securityScore": "GOOD",
      "overallRisk": "LOW"
    },
    "recommendations": [
      "Add zero-address validation in constructors",
      "Consider making state variables immutable where appropriate",
      "Use external function modifier for better gas optimization",
      "Follow consistent naming conventions",
      "Consider emitting events for major state changes",
      "Remove unused state variables to reduce contract size"
    ]
  },
  "profitGuardAnalysis": {
    "implemented": true,
    "validations": [
      "minProfit parameter validation in executeJitStrategy",
      "Balance check before and after flashloan execution", 
      "Revert on insufficient profit with custom error",
      "Proper profit calculation accounting for fees"
    ],
    "securityChecks": [
      "Reentrancy protection via ReentrancyGuard",
      "Access control via onlyOwner modifier",
      "Pause functionality for emergency stops",
      "Flashloan callback authentication"
    ]
  },
  "flashloanAnalysis": {
    "balancerIntegration": {
      "implemented": true,
      "callback": "receiveFlashLoan",
      "parameterValidation": "PASS",
      "feeCalculation": "IMPLEMENTED",
      "securityChecks": "PASS"
    },
    "aaveIntegration": {
      "implemented": true, 
      "callback": "executeOperation",
      "parameterValidation": "PASS",
      "feeCalculation": "IMPLEMENTED",
      "securityChecks": "PASS"
    },
    "dualProviderSupport": true,
    "providerFallback": "IMPLEMENTED"
  }
}
